BS1-001,C,,,,,,,,,,,,,
BS1-002,R,,SEC,,P,promo.cp3,,,,,,,,
BS1-003,SR,,SSR,,,,,,,,,,,
BS1-004,U,,,,,,,,,,,,,
BS1-005,C,,,,,,,,,,,,,
BS1-006,U,,P,promo.cp4,,,,,,,,,,
BS1-007,C,,,,,,,,,,,,,
BS1-008,R,,SEC,,,,,,,,,,,
BS1-009,R,,SEC,,,,,,,,,,,
BS1-010,C,,,,,,,,,,,,,
BS1-011,C,,,,,,,,,,,,,
BS1-012,SR,,SSR,,,,,,,,,,,
BS1-013,C,,,,,,,,,,,,,
BS1-014,UR,,SUR,,,,,,,,,,,
BS1-015,U,,P,promo.cp2,,,,,,,,,,
BS1-016,C,,,,,,,,,,,,,
BS1-017,SR,,SSR,,,,,,,,,,,
BS1-018,U,,,,,,,,,,,,,
BS1-019,C,,,,,,,,,,,,,
BS1-020,C,,,,,,,,,,,,,
BS1-021,C,,,,,,,,,,,,,
BS1-022,R,,P,tournament.party.new,,,,,,,,,,
BS1-023,U,,,,,,,,,,,,,
BS1-024,U,,,,,,,,,,,,,
BS1-025,U,,,,,,,,,,,,,
BS1-026,U,,,,,,,,,,,,,
BS1-027,C,,,,,,,,,,,,,
BS1-028,SR,,SSR,,,,,,,,,,,
BS1-029,U,,,,,,,,,,,,,
BS1-030,C,,P,promo.cp2,,,,,,,,,,
BS1-031,R,,SEC,,,,,,,,,,,
BS1-032,C,,,,,,,,,,,,,
BS1-033,R,,SEC,,,,,,,,,,,
BS1-034,C,,,,,,,,,,,,,
BS1-035,U,,,,,,,,,,,,,
BS1-036,SR,,SSR,,,,,,,,,,,
BS1-037,UR,,SUR,,P,tournament.bl2025s3f.champion,P,tournament.bl2025s3f.runnerup,P,tournament.bl2025s3f.finalist,,,,
BS1-038,U,,,,,,,,,,,,,
BS1-039,U,,,,,,,,,,,,,
BS1-040,R,,SEC,,P,promo.cp3,,,,,,,,
BS1-041,C,,,,,,,,,,,,,
BS1-042,C,,,,,,,,,,,,,
BS1-043,C,,,,,,,,,,,,,
BS1-044,SR,,SSR,,,,,,,,,,,
BS1-045,C,,,,,,,,,,,,,
BS1-046,C,,,,,,,,,,,,,
BS1-047,C,,,,,,,,,,,,,
BS1-048,U,,,,,,,,,,,,,
BS1-049,R,,,,,,,,,,,,,
BS1-050,U,,,,,,,,,,,,,
BS1-051,U,,P,promo.cp4,,,,,,,,,,
BS1-052,U,,P,promo.cp3,,,,,,,,,,
BS1-053,UR,,SUR,,,,,,,,,,,
BS1-054,SR,,SSR,,,,,,,,,,,
BS1-055,U,,P,promo.cp2,,,,,,,,,,
BS1-056,SR,,SSR,,,,,,,,,,,
BS1-057,C,,,,,,,,,,,,,
BS1-058,C,,,,,,,,,,,,,
BS1-059,C,,,,,,,,,,,,,
BS1-060,C,,,,,,,,,,,,,
BS1-061,C,,,,,,,,,,,,,
BS1-062,R,,SEC,,P,promo.cp4,,,,,,,,
BS1-063,C,,,,,,,,,,,,,
BS1-064,C,,,,,,,,,,,,,
BS1-065,C,,,,,,,,,,,,,
BS1-066,SR,,SSR,,P,promo.cp3,,,,,,,,
BS1-067,R,,SEC,,,,,,,,,,,
BS1-068,C,,,,,,,,,,,,,
BS1-069,U,,P,promo.crwf,,,,,,,,,,
BS1-070,U,,P,,,,,,,,,,,
BS1-071,R,,SEC,,,,,,,,,,,
BS1-072,C,,,,,,,,,,,,,
BS1-073,U,,,,,,,,,,,,,
BS1-074,U,,,,,,,,,,,,,
BS1-075,R,,,,,,,,,,,,,
BS1-076,U,,,,,,,,,,,,,
BS1-077,U,,,,,,,,,,,,,
BS1-078,U,,,,,,,,,,,,,
BS2-001,C,,,,,,,,,,,,,
BS2-002,U,,,,,,,,,,,,,
BS2-003,R,,SEC,,,,,,,,,,,
BS2-004,C,,,,,,,,,,,,,
BS2-005,C,,,,,,,,,,,,,
BS2-006,U,,,,,,,,,,,,,
BS2-007,U,,P,promo.cp4,,,,,,,,,,
BS2-008,C,,,,,,,,,,,,,
BS2-009,C,,P,,,,,,,,,,,
BS2-010,C,,,,,,,,,,,,,
BS2-011,R,,SEC,,,,,,,,,,,
BS2-012,U,,P,,,,,,,,,,,
BS2-013,U,,,,,,,,,,,,,
BS2-014,U,,,,,,,,,,,,,
BS2-015,R,,SEC,,,,,,,,,,,
BS2-016,C,,,,,,,,,,,,,
BS2-017,C,,,,,,,,,,,,,
BS2-018,U,,,,,,,,,,,,,
BS2-019,C,,,,,,,,,,,,,
BS2-020,U,,,,,,,,,,,,,
BS2-021,U,,,,,,,,,,,,,
BS2-022,R,,SEC,,,,,,,,,,,
BS2-023,C,,,,,,,,,,,,,
BS2-024,C,,,,,,,,,,,,,
BS2-025,C,,,,,,,,,,,,,
BS2-026,R,,SEC,,,,,,,,,,,
BS2-027,R,,SEC,,,,,,,,,,,
BS2-028,SR,,SSR,,,,,,,,,,,
BS2-029,UR,,SUR,,SUR,tournament.cp,P,tournament.bl2025s4f.champion,P,tournament.bl2025s4f.runnerup,P,tournament.bl2025s4f.finalist,,
BS2-030,C,,,,,,,,,,,,,
BS2-031,SR,,SSR,,,,,,,,,,,
BS2-032,C,,,,,,,,,,,,,
BS2-033,C,,,,,,,,,,,,,
BS2-034,R,,SEC,,,,,,,,,,,
BS2-035,C,,,,,,,,,,,,,
BS2-036,UR,,SUR,,P,promo.cp4,,,,,,,,
BS2-037,U,,P,promo.cp2,,,,,,,,,,
BS2-038,C,,,,,,,,,,,,,
BS2-039,C,,,,,,,,,,,,,
BS2-040,SR,,SSR,,,,,,,,,,,
BS2-041,C,,,,,,,,,,,,,
BS2-042,C,,,,,,,,,,,,,
BS2-043,U,,,,,,,,,,,,,
BS2-044,C,,,,,,,,,,,,,
BS2-045,SR,,SSR,,P,promo.cp3,,,,,,,,
BS2-046,U,,,,,,,,,,,,,
BS2-047,R,,,,,,,,,,,,,
BS2-048,U,,,,,,,,,,,,,
BS2-049,U,,P,promo.cp4,,,,,,,,,,
BS2-050,U,,,,,,,,,,,,,
BS2-051,U,,,,,,,,,,,,,
BS2-052,C,,,,,,,,,,,,,
BS2-053,C,,,,,,,,,,,,,
BS2-054,C,,,,,,,,,,,,,
BS2-055,UR,,SUR,,SUR,tournament.cp,,,,,,,,
BS2-056,U,,,,,,,,,,,,,
BS2-057,U,,,,,,,,,,,,,
BS2-058,UR,,SUR,,P,tournament.bl2025s1fsea.champion,P,tournament.bl2025s1fsea.runnerup,P,tournament.bl2025s1fsea.finalist,,,,
BS2-059,C,,,,,,,,,,,,,
BS2-060,C,,,,,,,,,,,,,
BS2-061,R,,SEC,,,,,,,,,,,
BS2-062,SR,,SSR,,P,tournament.party.new,,,,,,,,
BS2-063,R,,SEC,,,,,,,,,,,
BS2-064,C,,,,,,,,,,,,,
BS2-065,C,,,,,,,,,,,,,
BS2-066,C,,,,,,,,,,,,,
BS2-067,R,,SEC,,P,promo.cp4,,,,,,,,
BS2-068,SR,,SSR,,SSR,tournament.cp,,,,,,,,
BS2-069,SR,,SSR,,,,,,,,,,,
BS2-070,C,,,,,,,,,,,,,
BS2-071,R,,SEC,,P,promo.cp3,,,,,,,,
BS2-072,U,,P,promo.cp2,,,,,,,,,,
BS2-073,SR,,SSR,,,,,,,,,,,
BS2-074,C,,,,,,,,,,,,,
BS2-075,C,,,,,,,,,,,,,
BS2-076,C,,,,,,,,,,,,,
BS2-077,U,,,,,,,,,,,,,
BS2-078,U,,,,,,,,,,,,,
BS2-079,U,,P,promo.legacy.champion,P,promo.legacy,,,,,,,,
BS2-080,R,,P,tournament.bl2025s4,,,,,,,,,,
BS2-081,U,,,,,,,,,,,,,
BS3-001,C,,,,,,,,,,,,,
BS3-002,C,,,,,,,,,,,,,
BS3-003,U,,P,,,,,,,,,,,
BS3-004,C,,,,,,,,,,,,,
BS3-005,C,,,,,,,,,,,,,
BS3-006,SR,,SSR,,P,tournament.stage,,,,,,,,
BS3-007,C,,,,,,,,,,,,,
BS3-008,C,,,,,,,,,,,,,
BS3-009,R,,SEC,,,,,,,,,,,
BS3-010,UR,,SUR,,,,,,,,,,,
BS3-011,C,,,,,,,,,,,,,
BS3-012,C,,,,,,,,,,,,,
BS3-013,SR,,SSR,,,,,,,,,,,
BS3-014,U,,,,,,,,,,,,,
BS3-015,C,,,,,,,,,,,,,
BS3-016,R,,SEC,,,,,,,,,,,
BS3-017,UR,,SUR,,P,promo.wcs2526.ancient,,,,,,,,
BS3-018,U,,,,,,,,,,,,,
BS3-019,SR,,SSR,,,,,,,,,,,
BS3-020,U,,,,,,,,,,,,,
BS3-021,U,,,,,,,,,,,,,
BS3-022,U,,,,,,,,,,,,,
BS3-023,U,,,,,,,,,,,,,
BS3-024,U,,,,,,,,,,,,,
BS3-025,UR,,SUR,,P,promo.wcs2526.ancient,,,,,,,,
BS3-026,C,,,,,,,,,,,,,
BS3-027,C,,P,tournament.judge,,,,,,,,,,
BS3-028,UR,,SUR,,P,tournament.party,,,,,,,,
BS3-029,SR,,SSR,,,,,,,,,,,
BS3-030,U,,P,,,,,,,,,,,
BS3-031,C,,,,,,,,,,,,,
BS3-032,R,,SEC,,P,promo.prerelease,,,,,,,,
BS3-033,R,,SEC,,,,,,,,,,,
BS3-034,C,,,,,,,,,,,,,
BS3-035,C,,,,,,,,,,,,,
BS3-036,U,,,,,,,,,,,,,
BS3-037,C,,,,,,,,,,,,,
BS3-038,C,,,,,,,,,,,,,
BS3-039,C,,,,,,,,,,,,,
BS3-040,C,,,,,,,,,,,,,
BS3-041,SR,,SSR,,,,,,,,,,,
BS3-042,U,,,,,,,,,,,,,
BS3-043,SR,,SSR,,,,,,,,,,,
BS3-044,U,,,,,,,,,,,,,
BS3-045,U,,,,,,,,,,,,,
BS3-046,U,,,,,,,,,,,,,
BS3-047,U,,,,,,,,,,,,,
BS3-048,U,,,,,,,,,,,,,
BS3-049,C,,,,,,,,,,,,,
BS3-050,SR,,SSR,,,,,,,,,,,
BS3-051,C,,,,,,,,,,,,,
BS3-052,C,,,,,,,,,,,,,
BS3-053,R,,SEC,,,,,,,,,,,
BS3-054,C,,,,,,,,,,,,,
BS3-055,UR,,SUR,,P,promo.wcs2526.ancient,,,,,,,,
BS3-056,C,,,,,,,,,,,,,
BS3-057,R,,SEC,,,,,,,,,,,
BS3-058,C,,,,,,,,,,,,,
BS3-059,C,,,,,,,,,,,,,
BS3-060,UR,,SUR,,,,,,,,,,,
BS3-061,SR,,SSR,,,,,,,,,,,
BS3-062,C,,,,,,,,,,,,,
BS3-063,U,,P,,,,,,,,,,,
BS3-064,C,,,,,,,,,,,,,
BS3-065,U,,,,,,,,,,,,,
BS3-066,SR,,SSR,,,,,,,,,,,
BS3-067,U,,,,,,,,,,,,,
BS3-068,U,,,,,,,,,,,,,
BS3-069,U,,P,tournament.bl2025s3,,,,,,,,,,
BS3-070,U,,,,,,,,,,,,,
BS3-071,U,,,,,,,,,,,,,
BS3-072,U,,,,,,,,,,,,,
BS3-073,C,,,,,,,,,,,,,
BS3-074,C,,,,,,,,,,,,,
BS3-075,C,,,,,,,,,,,,,
BS3-076,SR,,SSR,,P,tournament.bl2026s2,,,,,,,,
BS3-077,UR,,SUR,,,,,,,,,,,
BS3-078,C,,,,,,,,,,,,,
BS3-079,C,,,,,,,,,,,,,
BS3-080,U,,,,,,,,,,,,,
BS3-081,R,,SEC,,,,,,,,,,,
BS3-082,C,,,,,,,,,,,,,
BS3-083,C,,,,,,,,,,,,,
BS3-084,C,,,,,,,,,,,,,
BS3-085,C,,,,,,,,,,,,,
BS3-086,U,,P,,,,,,,,,,,
BS3-087,SR,,SSR,,,,,,,,,,,
BS3-088,UR,,SUR,,P,promo.wcs2526.ancient,,,,,,,,
BS3-089,R,,SEC,,,,,,,,,,,
BS3-090,U,,,,,,,,,,,,,
BS3-091,SR,,SSR,,,,,,,,,,,
BS3-092,U,,,,,,,,,,,,,
BS3-093,U,,,,,,,,,,,,,
BS3-094,U,,,,,,,,,,,,,
BS3-095,U,,P,tournament.cc2025s,,,,,,,,,,
BS3-096,U,,,,,,,,,,,,,
BS3-097,R,,SEC,,,,,,,,,,,
BS3-098,C,,,,,,,,,,,,,
BS3-099,R,,SEC,,,,,,,,,,,
BS3-100,UR,,SUR,,P,promo.wcs2526.ancient,,,,,,,,
BS3-101,C,,,,,,,,,,,,,
BS3-102,U,,P,,,,,,,,,,,
BS3-103,C,,,,,,,,,,,,,
BS3-104,U,,,,,,,,,,,,,
BS3-105,SR,,SSR,,,,,,,,,,,
BS3-106,C,,,,,,,,,,,,,
BS3-107,C,,,,,,,,,,,,,
BS3-108,C,,,,,,,,,,,,,
BS3-109,C,,,,,,,,,,,,,
BS3-110,C,,,,,,,,,,,,,
BS3-111,SR,,SSR,,,,,,,,,,,
BS3-112,C,,,,,,,,,,,,,
BS3-113,UR,,SUR,,P,tournament.bl2026s2,,,,,,,,
BS3-114,U,,,,,,,,,,,,,
BS3-115,SR,,SSR,,,,,,,,,,,
BS3-116,U,,,,,,,,,,,,,
BS3-117,U,,,,,,,,,,,,,
BS3-118,U,,,,,,,,,,,,,
BS3-119,U,,,,,,,,,,,,,
BS3-120,U,,,,,,,,,,,,,
BS3-121,UR,,SUR,,EXR,,P,tournament.cc2024s.champion,P,tournament.cc2024s.runnerup,P,tournament.cc2024s.finalist4,P,tournament.cc2024s.finalist16
BS4-001,C,,,,,,,,,,,,,
BS4-002,C,,,,,,,,,,,,,
BS4-003,R,,SEC,,,,,,,,,,,
BS4-004,U,,P,promo.bs4sp,,,,,,,,,,
BS4-005,UR,,SUR,,P,promo.hys,,,,,,,,
BS4-006,C,,,,,,,,,,,,,
BS4-007,C,,,,,,,,,,,,,
BS4-008,C,,,,,,,,,,,,,
BS4-009,C,,,,,,,,,,,,,
BS4-010,C,,,,,,,,,,,,,
BS4-011,C,,,,,,,,,,,,,
BS4-012,SR,,SSR,,,,,,,,,,,
BS4-013,UR,,SUR,,,,,,,,,,,
BS4-014,R,,SEC,,,,,,,,,,,
BS4-015,SR,,SSR,,,,,,,,,,,
BS4-016,U,,,,,,,,,,,,,
BS4-017,C,,,,,,,,,,,,,
BS4-018,U,,,,,,,,,,,,,
BS4-019,U,,,,,,,,,,,,,
BS4-020,SR,,SSR,,,,,,,,,,,
BS4-021,U,,,,,,,,,,,,,
BS4-022,U,,,,,,,,,,,,,
BS4-023,C,,,,,,,,,,,,,
BS4-024,SR,,SSR,,,,,,,,,,,
BS4-025,C,,,,,,,,,,,,,
BS4-026,UR,,SUR,,P,promo.serialized.old,,,,,,,,
BS4-027,R,,SEC,,,,,,,,,,,
BS4-028,C,,,,,,,,,,,,,
BS4-029,U,,,,,,,,,,,,,
BS4-030,R,,SEC,,,,,,,,,,,
BS4-031,C,,,,,,,,,,,,,
BS4-032,C,,P,promo.bs4sp,,,,,,,,,,
BS4-033,C,,P,promo.ediya,,,,,,,,,,
BS4-034,C,,,,,,,,,,,,,
BS4-035,U,,,,,,,,,,,,,
BS4-036,C,,P,,,,,,,,,,,
BS4-037,C,,,,,,,,,,,,,
BS4-038,UR,,SUR,,P,promo.hys,,,,,,,,
BS4-039,SR,,SSR,,,,,,,,,,,
BS4-040,SR,,SSR,,,,,,,,,,,
BS4-041,U,,,,,,,,,,,,,
BS4-042,U,,P,P,,,,,,,,,,
BS4-043,U,,,,,,,,,,,,,
BS4-044,U,,,,,,,,,,,,,
BS4-045,C,,P,promo.bs4sp,,,,,,,,,,
BS4-046,C,,,,,,,,,,,,,
BS4-047,R,,SEC,,,,,,,,,,,
BS4-048,C,,,,,,,,,,,,,
BS4-049,UR,,SUR,,P,promo.hys,,,,,,,,
BS4-050,C,,,,,,,,,,,,,
BS4-051,C,,,,,,,,,,,,,
BS4-052,U,,,,,,,,,,,,,
BS4-053,UR,,SUR,,P,tournament.bl2025s1f.champion,P,tournament.bl2025s1f.runnerup,P,tournament.bl2025s1f.finalist,,,,
BS4-054,C,,,,,,,,,,,,,
BS4-055,U,,,,,,,,,,,,,
BS4-056,C,,,,,,,,,,,,,
BS4-057,C,,C,variant1,C,variant2,,,,,,,,
BS4-058,R,,SEC,,,,,,,,,,,
BS4-059,SR,,SSR,,,,,,,,,,,
BS4-060,C,,,,,,,,,,,,,
BS4-061,SR,,SSR,,,,,,,,,,,
BS4-062,SR,,SSR,,,,,,,,,,,
BS4-063,U,,,,,,,,,,,,,
BS4-064,U,,,,,,,,,,,,,
BS4-065,U,,,,,,,,,,,,,
BS4-066,U,,,,,,,,,,,,,
BS4-067,C,,,,,,,,,,,,,
BS4-068,C,,,,,,,,,,,,,
BS4-069,C,,,,,,,,,,,,,
BS4-070,C,,,,,,,,,,,,,
BS4-071,U,,,,,,,,,,,,,
BS4-072,C,,,,,,,,,,,,,
BS4-073,UR,,SUR,,P,promo.hys,,,,,,,,
BS4-074,R,,SEC,,,,,,,,,,,
BS4-075,UR,,SUR,,P,tournament.cc2025s,,,,,,,,
BS4-076,C,,,,,,,,,,,,,
BS4-077,SR,,SSR,,,,,,,,,,,
BS4-078,C,,,,,,,,,,,,,
BS4-079,C,,,,,,,,,,,,,
BS4-080,R,,SEC,,P,promo.bs4sp,,,,,,,,
BS4-081,SR,,SSR,,,,,,,,,,,
BS4-082,U,,,,,,,,,,,,,
BS4-083,C,,,,,,,,,,,,,
BS4-084,U,,,,,,,,,,,,,
BS4-085,SR,,SSR,,,,,,,,,,,
BS4-086,U,,,,,,,,,,,,,
BS4-087,U,,,,,,,,,,,,,
BS4-088,U,,,,,,,,,,,,,
BS4-089,UR,,SUR,,P,promo.hys,,,,,,,,
BS4-090,C,,,,,,,,,,,,,
BS4-091,U,,,,,,,,,,,,,
BS4-092,SR,,SSR,,P,tournament.stage.champion,P,tournament.stage.runnerup,P,tournament.stage.finalist,,,,
BS4-093,C,,,,,,,,,,,,,
BS4-094,R,,SEC,,,,,,,,,,,
BS4-095,C,,,,,,,,,,,,,
BS4-096,SR,,SSR,,,,,,,,,,,
BS4-097,C,,P,promo.bs4sp,,,,,,,,,,
BS4-098,UR,,SUR,,P,tournament.bl2024s3f.champion,P,tournament.bl2024s3f.runnerup,P,tournament.bl2024s3f.finalist,,,,
BS4-099,U,,,,,,,,,,,,,
BS4-100,R,,SEC,,,,,,,,,,,
BS4-101,C,,,,,,,,,,,,,
BS4-102,C,,,,,,,,,,,,,
BS4-103,C,,,,,,,,,,,,,
BS4-104,C,,,,,,,,,,,,,
BS4-105,C,,,,,,,,,,,,,
BS4-106,U,,,,,,,,,,,,,
BS4-107,SR,,SSR,,,,,,,,,,,
BS4-108,U,,,,,,,,,,,,,
BS4-109,U,,,,,,,,,,,,,
BS4-110,U,,,,,,,,,,,,,
BS4-111,UR,,EXR,,P,tournament.cc2025w.champion,P,tournament.cc2025w.runnerup,P,tournament.cc2025w.finalist,,,,
BS5-001,C,,,,,,,,,,,,,
BS5-002,C,,,,,,,,,,,,,
BS5-003,U,,,,,,,,,,,,,
BS5-004,C,,,,,,,,,,,,,
BS5-005,SR,,SSR,,,,,,,,,,,
BS5-006,C,,,,,,,,,,,,,
BS5-007,C,,,,,,,,,,,,,
BS5-008,C,,,,,,,,,,,,,
BS5-009,C,,,,,,,,,,,,,
BS5-010,SR,,SSR,,,,,,,,,,,
BS5-011,R,,SEC,,,,,,,,,,,
BS5-012,C,,,,,,,,,,,,,
BS5-013,UR,,SUR,,P,tournament.bl2025s2f.champion,P,tournament.bl2025s2f.runnerup,P,tournament.bl2025s2f.finalist,,,,
BS5-014,U,,P,promo.bs5sp,,,,,,,,,,
BS5-015,U,,,,,,,,,,,,,
BS5-016,C,,,,,,,,,,,,,
BS5-017,C,,,,,,,,,,,,,
BS5-018,R,,SEC,,,,,,,,,,,
BS5-019,C,,,,,,,,,,,,,
BS5-020,U,,,,,,,,,,,,,
BS5-021,U,,,,,,,,,,,,,
BS5-022,U,,,,,,,,,,,,,
BS5-023,SR,,SSR,,,,,,,,,,,
BS5-024,C,,,,,,,,,,,,,
BS5-025,C,,,,,,,,,,,,,
BS5-026,U,,,,,,,,,,,,,
BS5-027,C,,,,,,,,,,,,,
BS5-028,SR,,SSR,,,,,,,,,,,
BS5-029,C,,,,,,,,,,,,,
BS5-030,C,,,,,,,,,,,,,
BS5-031,C,,,,,,,,,,,,,
BS5-032,U,,,,,,,,,,,,,
BS5-033,C,,,,,,,,,,,,,
BS5-034,C,,,,,,,,,,,,,
BS5-035,U,,,,,,,,,,,,,
BS5-036,R,,SEC,,,,,,,,,,,
BS5-037,C,,,,,,,,,,,,,
BS5-038,C,,,,,,,,,,,,,
BS5-039,R,,SEC,,P,promo.bs5sp,,,,,,,,
BS5-040,UR,,SUR,,,,,,,,,,,
BS5-041,C,,,,,,,,,,,,,
BS5-042,U,,,,,,,,,,,,,
BS5-043,U,,,,,,,,,,,,,
BS5-044,U,,,,,,,,,,,,,
BS5-045,U,,,,,,,,,,,,,
BS5-046,C,,,,,,,,,,,,,
BS5-047,C,,,,,,,,,,,,,
BS5-048,R,,SEC,,,,,,,,,,,
BS5-049,C,,,,,,,,,,,,,
BS5-050,C,,,,,,,,,,,,,
BS5-051,C,,,,,,,,,,,,,
BS5-052,C,,P,promo.bs5sp,,,,,,,,,,
BS5-053,SR,,SSR,,,,,,,,,,,
BS5-054,UR,,SUR,,,,,,,,,,,
BS5-055,C,,,,,,,,,,,,,
BS5-056,UR,,SUR,,P,promo.serialized.old,,,,,,,,
BS5-057,C,,,,,,,,,,,,,
BS5-058,R,,SEC,,,,,,,,,,,
BS5-059,SR,,SSR,,,,,,,,,,,
BS5-060,U,,,,,,,,,,,,,
BS5-061,C,,,,,,,,,,,,,
BS5-062,C,,,,,,,,,,,,,
BS5-063,U,,,,,,,,,,,,,
BS5-064,U,,,,,,,,,,,,,
BS5-065,U,,,,,,,,,,,,,
BS5-066,U,,,,,,,,,,,,,
BS5-067,C,,,,,,,,,,,,,
BS5-068,U,,,,,,,,,,,,,
BS5-069,SR,,SSR,,,,,,,,,,,
BS5-070,U,,,,,,,,,,,,,
BS5-071,UR,,SUR,,,,,,,,,,,
BS5-072,C,,,,,,,,,,,,,
BS5-073,C,,,,,,,,,,,,,
BS5-074,U,,,,,,,,,,,,,
BS5-075,SR,,SSR,,,,,,,,,,,
BS5-076,R,,SEC,,P,promo.bs5sp,,,,,,,,
BS5-077,C,,,,,,,,,,,,,
BS5-078,C,,,,,,,,,,,,,
BS5-079,C,,,,,,,,,,,,,
BS5-080,R,,SEC,,,,,,,,,,,
BS5-081,C,,,,,,,,,,,,,
BS5-082,C,,,,,,,,,,,,,
BS5-083,C,,,,,,,,,,,,,
BS5-084,C,,,,,,,,,,,,,
BS5-085,C,,,,,,,,,,,,,
BS5-086,U,,,,,,,,,,,,,
BS5-087,U,,,,,,,,,,,,,
BS5-088,U,,,,,,,,,,,,,
BS5-089,R,,SEC,,P,promo.bs5sp,,,,,,,,
BS5-090,C,,,,,,,,,,,,,
BS5-091,SR,,SSR,,,,,,,,,,,
BS5-092,UR,,SUR,,,,,,,,,,,
BS5-093,UR,,SUR,,,,,,,,,,,
BS5-094,C,,,,,,,,,,,,,
BS5-095,C,,,,,,,,,,,,,
BS5-096,C,,,,,,,,,,,,,
BS5-097,U,,,,,,,,,,,,,
BS5-098,U,,,,,,,,,,,,,
BS5-099,C,,,,,,,,,,,,,
BS5-100,SR,,SSR,,P,tournament.party.new,,,,,,,,
BS5-101,U,,,,,,,,,,,,,
BS5-102,C,,,,,,,,,,,,,
BS5-103,R,,SEC,,,,,,,,,,,
BS5-104,C,,,,,,,,,,,,,
BS5-105,C,,,,,,,,,,,,,
BS5-106,C,,,,,,,,,,,,,
BS5-107,C,,,,,,,,,,,,,
BS5-108,U,,,,,,,,,,,,,
BS5-109,U,,,,,,,,,,,,,
BS5-110,U,,,,,,,,,,,,,
BS5-111,UR,,EXR,,,,,,,,,,,
BS6-001,SR,,SSR,,,,,,,,,,,
BS6-002,U,,,,,,,,,,,,,
BS6-003,U,,,,,,,,,,,,,
BS6-004,C,,,,,,,,,,,,,
BS6-005,C,,,,,,,,,,,,,
BS6-006,C,,,,,,,,,,,,,
BS6-007,R,,SEC,,,,,,,,,,,
BS6-008,SR,,SSR,,,,,,,,,,,
BS6-009,C,,,,,,,,,,,,,
BS6-010,UR,,SUR,,,,,,,,,,,
BS6-011,C,,,,,,,,,,,,,
BS6-012,R,,SEC,,,,,,,,,,,
BS6-013,C,,,,,,,,,,,,,
BS6-014,C,,,,,,,,,,,,,
BS6-015,C,,,,,,,,,,,,,
BS6-016,C,,,,,,,,,,,,,
BS6-017,U,,,,,,,,,,,,,
BS6-018,C,,,,,,,,,,,,,
BS6-019,U,,,,,,,,,,,,,
BS6-020,U,,P,tournament.bl2025s3,,,,,,,,,,
BS6-021,U,,,,,,,,,,,,,
BS6-022,C,,,,,,,,,,,,,
BS6-023,R,,SEC,,,,,,,,,,,
BS6-024,C,,,,,,,,,,,,,
BS6-025,SR,,SSR,,,,,,,,,,,
BS6-026,C,,,,,,,,,,,,,
BS6-027,C,,,,,,,,,,,,,
BS6-028,C,,,,,,,,,,,,,
BS6-029,C,,,,,,,,,,,,,
BS6-030,C,,,,,,,,,,,,,
BS6-031,UR,,SUR,,EXR,,,,,,,,,
BS6-032,U,,,,,,,,,,,,,
BS6-033,C,,,,,,,,,,,,,
BS6-034,U,,,,,,,,,,,,,
BS6-035,R,,SEC,,,,,,,,,,,
BS6-036,U,,,,,,,,,,,,,
BS6-037,C,,,,,,,,,,,,,
BS6-038,SR,,SSR,,,,,,,,,,,
BS6-039,UR,,SUR,,,,,,,,,,,
BS6-040,C,,,,,,,,,,,,,
BS6-041,U,,,,,,,,,,,,,
BS6-042,U,,,,,,,,,,,,,
BS6-043,U,,,,,,,,,,,,,
BS6-044,SR,,SSR,,,,,,,,,,,
BS6-045,U,,,,,,,,,,,,,
BS6-046,C,,,,,,,,,,,,,
BS6-047,C,,,,,,,,,,,,,
BS6-048,R,,SEC,,,,,,,,,,,
BS6-049,C,,,,,,,,,,,,,
BS6-050,C,,,,,,,,,,,,,
BS6-051,UR,,SUR,,,,,,,,,,,
BS6-052,U,,,,,,,,,,,,,
BS6-053,C,,,,,,,,,,,,,
BS6-054,U,,,,,,,,,,,,,
BS6-055,C,,,,,,,,,,,,,
BS6-056,C,,,,,,,,,,,,,
BS6-057,R,,SEC,,,,,,,,,,,
BS6-058,C,,,,,,,,,,,,,
BS6-059,C,,,,,,,,,,,,,
BS6-060,C,,,,,,,,,,,,,
BS6-061,SR,,SSR,,,,,,,,,,,
BS6-062,U,,,,,,,,,,,,,
BS6-063,U,,,,,,,,,,,,,
BS6-064,U,,,,,,,,,,,,,
BS6-065,SR,,SSR,,,,,,,,,,,
BS6-066,R,,SEC,,,,,,,,,,,
BS6-067,C,,,,,,,,,,,,,
BS6-068,C,,,,,,,,,,,,,
BS6-069,C,,,,,,,,,,,,,
BS6-070,C,,,,,,,,,,,,,
BS6-071,C,,,,,,,,,,,,,
BS6-072,C,,,,,,,,,,,,,
BS6-073,SR,,SSR,,,,,,,,,,,
BS6-074,UR,,SUR,,,,,,,,,,,
BS6-075,C,,,,,,,,,,,,,
BS6-076,U,,,,,,,,,,,,,
BS6-077,U,,,,,,,,,,,,,
BS6-078,C,,,,,,,,,,,,,
BS6-079,UR,,SUR,,,,,,,,,,,
BS6-080,C,,,,,,,,,,,,,
BS6-081,R,,SEC,,,,,,,,,,,
BS6-082,U,,,,,,,,,,,,,
BS6-083,C,,,,,,,,,,,,,
BS6-084,U,,,,,,,,,,,,,
BS6-085,U,,P,tournament.stage,,,,,,,,,,
BS6-086,U,,,,,,,,,,,,,
BS6-087,U,,,,,,,,,,,,,
BS6-088,C,,,,,,,,,,,,,
BS6-089,C,,,,,,,,,,,,,
BS6-090,C,,,,,,,,,,,,,
BS6-091,R,,SEC,,,,,,,,,,,
BS6-092,R,,SEC,,P,tournament.judge,,,,,,,,
BS6-093,UR,,SUR,,,,,,,,,,,
BS6-094,C,,,,,,,,,,,,,
BS6-095,U,,,,,,,,,,,,,
BS6-096,SR,,SSR,,,,,,,,,,,
BS6-097,U,,,,,,,,,,,,,
BS6-098,C,,,,,,,,,,,,,
BS6-099,C,,,,,,,,,,,,,
BS6-100,C,,,,,,,,,,,,,
BS6-101,SR,,SSR,,,,,,,,,,,
BS6-102,C,,,,,,,,,,,,,
BS6-103,C,,,,,,,,,,,,,
BS6-104,C,,,,,,,,,,,,,
BS6-105,U,,,,,,,,,,,,,
BS6-106,U,,,,,,,,,,,,,
BS6-107,U,,,,,,,,,,,,,
BS7-001,C,,,,,,,,,,,,,
BS7-002,C,,,,,,,,,,,,,
BS7-003,U,,,,,,,,,,,,,
BS7-004,R,,SEC,,,,,,,,,,,
BS7-005,C,,,,,,,,,,,,,
BS7-006,U,,,,,,,,,,,,,
BS7-007,C,,,,,,,,,,,,,
BS7-008,C,,,,,,,,,,,,,
BS7-009,C,,,,,,,,,,,,,
BS7-010,C,,,,,,,,,,,,,
BS7-011,C,,,,,,,,,,,,,
BS7-012,C,,,,,,,,,,,,,
BS7-013,SR,,SSR,,,,,,,,,,,
BS7-014,UR,,SUR,,P,tournament.bl2026s1f.champion,P,tournament.bl2026s1f.runnerup,P,tournament.bl2026s1f.finalist,,,,
BS7-015,SR,,SSR,,,,,,,,,,,
BS7-016,C,,,,,,,,,,,,,
BS7-017,U,,,,,,,,,,,,,
BS7-018,UR,,SUR,,,,,,,,,,,
BS7-019,R,,SEC,,,,,,,,,,,
BS7-020,U,,,,,,,,,,,,,
BS7-021,U,,,,,,,,,,,,,
BS7-022,U,,,,,,,,,,,,,
BS7-023,C,,,,,,,,,,,,,
BS7-024,C,,,,,,,,,,,,,
BS7-025,C,,,,,,,,,,,,,
BS7-026,C,,,,,,,,,,,,,
BS7-027,U,,,,,,,,,,,,,
BS7-028,U,,,,,,,,,,,,,
BS7-029,SR,,SSR,,,,,,,,,,,
BS7-030,C,,,,,,,,,,,,,
BS7-031,C,,,,,,,,,,,,,
BS7-032,C,,,,,,,,,,,,,
BS7-033,U,,,,,,,,,,,,,
BS7-034,C,,,,,,,,,,,,,
BS7-035,UR,,SUR,,P,tournament.stage.new,,,,,,,,
BS7-036,C,,,,,,,,,,,,,
BS7-037,R,,SEC,,,,,,,,,,,
BS7-038,R,,SEC,,,,,,,,,,,
BS7-039,SR,,SSR,,,,,,,,,,,
BS7-040,C,,,,,,,,,,,,,
BS7-041,U,,,,,,,,,,,,,
BS7-042,U,,,,,,,,,,,,,
BS7-043,U,,,,,,,,,,,,,
BS7-044,R,,SEC,,,,,,,,,,,
BS7-045,C,,,,,,,,,,,,,
BS7-046,SR,,SSR,,,,,,,,,,,
BS7-047,C,,,,,,,,,,,,,
BS7-048,SR,,SSR,,,,,,,,,,,
BS7-049,U,,,,,,,,,,,,,
BS7-050,C,,,,,,,,,,,,,
BS7-051,C,,,,,,,,,,,,,
BS7-052,C,,,,,,,,,,,,,
BS7-053,C,,,,,,,,,,,,,
BS7-054,C,,,,,,,,,,,,,
BS7-055,C,,,,,,,,,,,,,
BS7-056,C,,,,,,,,,,,,,
BS7-057,UR,,SUR,,,,,,,,,,,
BS7-058,R,,SEC,,,,,,,,,,,
BS7-059,UR,,SUR,,,,,,,,,,,
BS7-060,U,,,,,,,,,,,,,
BS7-061,U,,,,,,,,,,,,,
BS7-062,C,,,,,,,,,,,,,
BS7-063,U,,,,,,,,,,,,,
BS7-064,U,,,,,,,,,,,,,
BS7-065,U,,,,,,,,,,,,,
BS7-066,C,,,,,,,,,,,,,
BS7-067,SR,,SSR,,,,,,,,,,,
BS7-068,C,,,,,,,,,,,,,
BS7-069,U,,,,,,,,,,,,,
BS7-070,R,,SEC,,,,,,,,,,,
BS7-071,C,,,,,,,,,,,,,
BS7-072,C,,,,,,,,,,,,,
BS7-073,C,,,,,,,,,,,,,
BS7-074,U,,,,,,,,,,,,,
BS7-075,R,,SEC,,,,,,,,,,,
BS7-076,SR,,SSR,,,,,,,,,,,
BS7-077,U,,,,,,,,,,,,,
BS7-078,C,,,,,,,,,,,,,
BS7-079,UR,,SUR,,P,tournament.stage.new,,,,,,,,
BS7-080,C,,,,,,,,,,,,,
BS7-081,C,,,,,,,,,,,,,
BS7-082,C,,,,,,,,,,,,,
BS7-083,C,,,,,,,,,,,,,
BS7-084,U,,,,,,,,,,,,,
BS7-085,U,,,,,,,,,,,,,
BS7-086,U,,,,,,,,,,,,,
BS7-087,C,,,,,,,,,,,,,
BS7-088,R,,SEC,,,,,,,,,,,
BS7-089,SR,,SSR,,,,,,,,,,,
BS7-090,R,,SEC,,P,promo.prerelease,,,,,,,,
BS7-091,C,,,,,,,,,,,,,
BS7-092,C,,,,,,,,,,,,,
BS7-093,SR,,SSR,,,,,,,,,,,
BS7-094,U,,,,,,,,,,,,,
BS7-095,U,,,,,,,,,,,,,
BS7-096,C,,,,,,,,,,,,,
BS7-097,C,,,,,,,,,,,,,
BS7-098,C,,,,,,,,,,,,,
BS7-099,C,,,,,,,,,,,,,
BS7-100,C,,,,,,,,,,,,,
BS7-101,C,,,,,,,,,,,,,
BS7-102,U,,,,,,,,,,,,,
BS7-103,C,,,,,,,,,,,,,
BS7-104,UR,,SUR,,,,,,,,,,,
BS7-105,U,,,,,,,,,,,,,
BS7-106,U,,,,,,,,,,,,,
BS7-107,U,,,,,,,,,,,,,
BS7-108,SR,,EXR,,,,,,,,,,,
BS8-001,C,,,,,,,,,,,,,
BS8-002,U,,,,,,,,,,,,,
BS8-003,U,,,,,,,,,,,,,
BS8-004,R,,SEC,,,,,,,,,,,
BS8-005,UR,,SUR,,,,,,,,,,,
BS8-006,SR,,SSR,,,,,,,,,,,
BS8-007,C,,,,,,,,,,,,,
BS8-008,U,,,,,,,,,,,,,
BS8-009,UR,,SUR,,P,promo.serialized.new,P,promo.wcs2526.beast,,,,,,
BS8-010,SR,,SSR,,,,,,,,,,,
BS8-011,C,,,,,,,,,,,,,
BS8-012,C,,,,,,,,,,,,,
BS8-013,C,,,,,,,,,,,,,
BS8-014,C,,,,,,,,,,,,,
BS8-015,C,,,,,,,,,,,,,
BS8-016,C,,,,,,,,,,,,,
BS8-017,R,,SEC,,,,,,,,,,,
BS8-018,C,,,,,,,,,,,,,
BS8-019,C,,P,,,,,,,,,,,
BS8-020,C,,,,,,,,,,,,,
BS8-021,SR,,SSR,,,,,,,,,,,
BS8-022,U,,,,,,,,,,,,,
BS8-023,U,,,,,,,,,,,,,
BS8-024,U,,P,promo.bs8sp,,,,,,,,,,
BS8-025,U,,,,,,,,,,,,,
BS8-026,R,,SEC,,,,,,,,,,,
BS8-027,UR,,SUR,,EXR,,,,,,,,,
BS8-028,C,,,,,,,,,,,,,
BS8-029,C,,,,,,,,,,,,,
BS8-030,C,,,,,,,,,,,,,
BS8-031,R,,SEC,,,,,,,,,,,
BS8-032,SR,,SSR,,,,,,,,,,,
BS8-033,C,,,,,,,,,,,,,
BS8-034,SR,,SSR,,,,,,,,,,,
BS8-035,U,,,,,,,,,,,,,
BS8-036,C,,,,,,,,,,,,,
BS8-037,U,,,,,,,,,,,,,
BS8-038,C,,,,,,,,,,,,,
BS8-039,C,,,,,,,,,,,,,
BS8-040,U,,,,,,,,,,,,,
BS8-041,C,,,,,,,,,,,,,
BS8-042,C,,,,,,,,,,,,,
BS8-043,C,,,,,,,,,,,,,
BS8-044,U,,,,,,,,,,,,,
BS8-045,C,,,,,,,,,,,,,
BS8-046,U,,,,,,,,,,,,,
BS8-047,U,,,,,,,,,,,,,
BS8-048,U,,,,,,,,,,,,,
BS8-049,U,,,,,,,,,,,,,
BS8-050,U,,P,promo.bs8sp,,,,,,,,,,
BS8-051,C,,,,,,,,,,,,,
BS8-052,SR,,SSR,,,,,,,,,,,
BS8-053,C,,,,,,,,,,,,,
BS8-054,C,,,,,,,,,,,,,
BS8-055,C,,,,,,,,,,,,,
BS8-056,U,,,,,,,,,,,,,
BS8-057,C,,,,,,,,,,,,,
BS8-058,C,,,,,,,,,,,,,
BS8-059,UR,,SUR,,P,promo.wcs2526.beast,,,,,,,,
BS8-060,SR,,SSR,,,,,,,,,,,
BS8-061,U,,,,,,,,,,,,,
BS8-062,U,,,,,,,,,,,,,
BS8-063,C,,,,,,,,,,,,,
BS8-064,C,,,,,,,,,,,,,
BS8-065,C,,,,,,,,,,,,,
BS8-066,R,,SEC,,,,,,,,,,,
BS8-067,R,,SEC,,,,,,,,,,,
BS8-068,C,,,,,,,,,,,,,
BS8-069,UR,,SUR,,,,,,,,,,,
BS8-070,C,,,,,,,,,,,,,
BS8-071,U,,,,,,,,,,,,,
BS8-072,SR,,SSR,,,,,,,,,,,
BS8-073,U,,,,,,,,,,,,,
BS8-074,U,,,,,,,,,,,,,
BS8-075,U,,P,promo.bs8sp,,,,,,,,,,
BS8-076,SR,,SSR,,,,,,,,,,,
BS8-077,C,,,,,,,,,,,,,
BS8-078,R,,SEC,,,,,,,,,,,
BS8-079,C,,,,,,,,,,,,,
BS8-080,C,,,,,,,,,,,,,
BS8-081,U,,,,,,,,,,,,,
BS8-082,R,,SEC,,,,,,,,,,,
BS8-083,UR,,SUR,,,,,,,,,,,
BS8-084,SR,,SSR,,,,,,,,,,,
BS8-085,U,,,,,,,,,,,,,
BS8-086,C,,,,,,,,,,,,,
BS8-087,C,,,,,,,,,,,,,
BS8-088,C,,,,,,,,,,,,,
BS8-089,U,,,,,,,,,,,,,
BS8-090,UR,,SUR,,,,,,,,,,,
BS8-091,C,,,,,,,,,,,,,
BS8-092,C,,,,,,,,,,,,,
BS8-093,C,,,,,,,,,,,,,
BS8-094,C,,,,,,,,,,,,,
BS8-095,C,,,,,,,,,,,,,
BS8-096,U,,,,,,,,,,,,,
BS8-097,U,,,,,,,,,,,,,
BS8-098,U,,,,,,,,,,,,,
BS8-099,U,,,,,,,,,,,,,
BS8-100,U,,P,promo.bs8sp,,,,,,,,,,
BS8-101,C,,,,,,,,,,,,,
BS8-102,C,,,,,,,,,,,,,
BS8-103,R,,SEC,,,,,,,,,,,
BS8-104,UR,,SUR,,EXR,,,,,,,,,
BS8-105,C,,,,,,,,,,,,,
BS8-106,U,,,,,,,,,,,,,
BS8-107,C,,,,,,,,,,,,,
BS8-108,C,,,,,,,,,,,,,
BS8-109,U,,,,,,,,,,,,,
BS8-110,C,,,,,,,,,,,,,
BS8-111,C,,,,,,,,,,,,,
BS8-112,R,,SEC,,,,,,,,,,,
BS8-113,U,,,,,,,,,,,,,
BS8-114,C,,,,,,,,,,,,,
BS8-115,C,,,,,,,,,,,,,
BS8-116,U,,,,,,,,,,,,,
BS8-117,C,,,,,,,,,,,,,
BS8-118,C,,,,,,,,,,,,,
BS8-119,SR,,SSR,,,,,,,,,,,
BS8-120,SR,,SSR,,P,tournament.stage.new.champion,P,tournament.stage.new.runnerup,P,tournament.stage.new.finalist,,,,
BS8-121,U,,,,,,,,,,,,,
BS8-122,U,,,,,,,,,,,,,
BS8-123,U,,,,,,,,,,,,,
BS8-124,U,,,,,,,,,,,,,
BS8-125,U,,P,promo.bs8sp,,,,,,,,,,
BS9-001,C,,C,variant1,C,variant2,,,,,,,,
BS9-002,U,,U,variant,,,,,,,,,,
BS9-003,U,,U,variant,,,,,,,,,,
BS9-004,C,,C,variant,,,,,,,,,,
BS9-005,C,,C,variant,,,,,,,,,,
BS9-006,R,,SEC,,,,,,,,,,,
BS9-007,C,,C,variant,,,,,,,,,,
BS9-008,C,,,,,,,,,,,,,
BS9-009,C,,,,,,,,,,,,,
BS9-010,UR,,SUR,,,,,,,,,,,
BS9-011,C,,,,,,,,,,,,,
BS9-012,U,,U,variant,,,,,,,,,,
BS9-013,C,,,,,,,,,,,,,
BS9-014,SR,,SSR,,P,promo.bs9sp,,,,,,,,
BS9-015,R,,SEC,,,,,,,,,,,
BS9-016,C,,,,,,,,,,,,,
BS9-017,SR,,SSR,,,,,,,,,,,
BS9-018,C,,,,,,,,,,,,,
BS9-019,U,,,,,,,,,,,,,
BS9-020,U,,,,,,,,,,,,,
BS9-021,U,,,,,,,,,,,,,
BS9-022,U,,,,,,,,,,,,,
BS9-023,U,,,,,,,,,,,,,
BS9-024,SR,,SSR,,,,,,,,,,,
BS9-025,U,,P,promo.bs9sp,,,,,,,,,,
BS9-026,C,,C,variant1,C,variant2,,,,,,,,
BS9-027,R,,SEC,,,,,,,,,,,
BS9-028,C,,,,,,,,,,,,,
BS9-029,C,,C,variant,,,,,,,,,,
BS9-030,UR,,SUR,,,,,,,,,,,
BS9-031,R,,SEC,,P,promo.bs9sp,,,,,,,,
BS9-032,U,,,,,,,,,,,,,
BS9-033,C,,C,variant,,,,,,,,,,
BS9-034,C,,,,,,,,,,,,,
BS9-035,UR,,SUR,,,,,,,,,,,
BS9-036,C,,,,,,,,,,,,,
BS9-037,SR,,SSR,,,,,,,,,,,
BS9-038,C,,,,,,,,,,,,,
BS9-039,C,,,,,,,,,,,,,
BS9-040,C,,,,,,,,,,,,,
BS9-041,U,,U,variant,P,promo.bs9sp,,,,,,,,
BS9-042,C,,,,,,,,,,,,,
BS9-043,U,,,,,,,,,,,,,
BS9-044,U,,,,,,,,,,,,,
BS9-045,U,,,,,,,,,,,,,
BS9-046,U,,,,,,,,,,,,,
BS9-047,U,,,,,,,,,,,,,
BS9-048,C,,C,variant,,,,,,,,,,
BS9-049,C,,C,variant,,,,,,,,,,
BS9-050,SR,,SSR,,,,,,,,,,,
BS9-051,C,,C,variant,,,,,,,,,,
BS9-052,C,,,,,,,,,,,,,
BS9-053,C,,P,promo.bs9sp,,,,,,,,,,
BS9-054,U,,,,,,,,,,,,,
BS9-055,UR,,SUR,,,,,,,,,,,
BS9-056,C,,,,,,,,,,,,,
BS9-057,C,,,,,,,,,,,,,
BS9-058,C,,,,,,,,,,,,,
BS9-059,U,,,,,,,,,,,,,
BS9-060,R,,R,variant,SEC,,,,,,,,,
BS9-061,U,,,,,,,,,,,,,
BS9-062,C,,,,,,,,,,,,,
BS9-063,R,,SEC,,,,,,,,,,,
BS9-064,C,,C,variant,,,,,,,,,,
BS9-065,SR,,SSR,,,,,,,,,,,
BS9-066,U,,,,,,,,,,,,,
BS9-067,U,,,,,,,,,,,,,
BS9-068,U,,,,,,,,,,,,,
BS9-069,U,,,,,,,,,,,,,
BS9-070,U,,,,,,,,,,,,,
BS9-071,C,,C,variant,,,,,,,,,,
BS9-072,C,,,,,,,,,,,,,
BS9-073,C,,,,,,,,,,,,,
BS9-074,C,,,,,,,,,,,,,
BS9-075,C,,,,,,,,,,,,,
BS9-076,C,,,,,,,,,,,,,
BS9-077,SR,,SSR,,P,tournament.party.new,,,,,,,,
BS9-078,SR,,SSR,,,,,,,,,,,
BS9-079,UR,,SUR,,P,promo.bs9sp,P,promo.wcs2526.beast,,,,,,
BS9-080,U,,,,,,,,,,,,,
BS9-081,U,,,,,,,,,,,,,
BS9-082,C,,,,,,,,,,,,,
BS9-083,C,,,,,,,,,,,,,
BS9-084,C,,C,variant1,C,variant2,,,,,,,,
BS9-085,C,,C,variant,,,,,,,,,,
BS9-086,R,,SEC,,,,,,,,,,,
BS9-087,U,,,,,,,,,,,,,
BS9-088,UR,,SUR,,EXR,,,,,,,,,
BS9-089,R,,SEC,,,,,,,,,,,
BS9-090,U,,,,,,,,,,,,,
BS9-091,U,,,,,,,,,,,,,
BS9-092,SR,,SSR,,,,,,,,,,,
BS9-093,U,,,,,,,,,,,,,
BS9-094,U,,,,,,,,,,,,,
BS9-095,U,,,,,,,,,,,,,
BS9-096,C,,,,,,,,,,,,,
BS9-097,SR,,SSR,,,,,,,,,,,
BS9-098,R,,R,variant,SEC,,,,,,,,,
BS9-099,U,,U,variant,,,,,,,,,,
BS9-100,SR,,SSR,,P,promo.bs9sp,,,,,,,,
BS9-101,R,,SEC,,,,,,,,,,,
BS9-102,UR,,SUR,,,,,,,,,,,
BS9-103,C,,,,,,,,,,,,,
BS9-104,C,,C,variant,,,,,,,,,,
BS9-105,C,,,,,,,,,,,,,
BS9-106,C,,,,,,,,,,,,,
BS9-107,C,,,,,,,,,,,,,
BS9-108,C,,,,,,,,,,,,,
BS9-109,C,,,,,,,,,,,,,
BS9-110,C,,C,variant,,,,,,,,,,
BS9-111,U,,,,,,,,,,,,,
BS9-112,U,,U,variant,,,,,,,,,,
BS9-113,C,,C,variant,P,promo.bs9sp,,,,,,,,
BS9-114,U,,,,,,,,,,,,,
BS9-115,U,,,,,,,,,,,,,
BS9-116,U,,,,,,,,,,,,,
BS9-117,U,,,,,,,,,,,,,
BS9-118,U,,,,,,,,,,,,,
BS10-001,C,,,,,,,,,,,,,
BS10-002,C,,,,,,,,,,,,,
BS10-003,C,,,,,,,,,,,,,
BS10-004,C,,,,,,,,,,,,,
BS10-005,C,,P,promo.bs10sp,,,,,,,,,,
BS10-006,C,,,,,,,,,,,,,
BS10-007,C,,,,,,,,,,,,,
BS10-008,C,,,,,,,,,,,,,
BS10-009,C,,,,,,,,,,,,,
BS10-010,C,,,,,,,,,,,,,
BS10-011,U,,,,,,,,,,,,,
BS10-012,U,,,,,,,,,,,,,
BS10-013,U,,,,,,,,,,,,,
BS10-014,U,,,,,,,,,,,,,
BS10-015,U,,,,,,,,,,,,,
BS10-016,U,,,,,,,,,,,,,
BS10-017,U,,,,,,,,,,,,,
BS10-018,U,,,,,,,,,,,,,
BS10-019,U,,,,,,,,,,,,,
BS10-020,R,,SEC,,,,,,,,,,,
BS10-021,R,,SEC,,,,,,,,,,,
BS10-022,SR,,SSR,,,,,,,,,,,
BS10-023,SR,,SSR,,,,,,,,,,,
BS10-024,UR,,SUR,,EXR,,,,,,,,,
BS10-025,C,,,,,,,,,,,,,
BS10-026,C,,,,,,,,,,,,,
BS10-027,C,,,,,,,,,,,,,
BS10-028,C,,,,,,,,,,,,,
BS10-029,C,,,,,,,,,,,,,
BS10-030,C,,,,,,,,,,,,,
BS10-031,C,,,,,,,,,,,,,
BS10-032,C,,,,,,,,,,,,,
BS10-033,C,,P,promo.bs10sp,,,,,,,,,,
BS10-034,C,,,,,,,,,,,,,
BS10-035,U,,,,,,,,,,,,,
BS10-036,U,,,,,,,,,,,,,
BS10-037,U,,,,,,,,,,,,,
BS10-038,U,,,,,,,,,,,,,
BS10-039,U,,,,,,,,,,,,,
BS10-040,U,,,,,,,,,,,,,
BS10-041,U,,,,,,,,,,,,,
BS10-042,U,,,,,,,,,,,,,
BS10-043,R,,SEC,,,,,,,,,,,
BS10-044,R,,SEC,,,,,,,,,,,
BS10-045,SR,,SSR,,,,,,,,,,,
BS10-046,SR,,SSR,,,,,,,,,,,
BS10-047,SR,,SSR,,,,,,,,,,,
BS10-048,UR,,SUR,,,,,,,,,,,
BS10-049,UR,,SUR,,P,promo.serialized.new,P,promo.wcs2526.beast,,,,,,
BS10-050,C,,,,,,,,,,,,,
BS10-051,C,,,,,,,,,,,,,
BS10-052,C,,P,promo.bs10sp,,,,,,,,,,
BS10-053,C,,,,,,,,,,,,,
BS10-054,C,,,,,,,,,,,,,
BS10-055,C,,,,,,,,,,,,,
BS10-056,C,,,,,,,,,,,,,
BS10-057,C,,,,,,,,,,,,,
BS10-058,C,,,,,,,,,,,,,
BS10-059,C,,,,,,,,,,,,,
BS10-060,U,,,,,,,,,,,,,
BS10-061,U,,,,,,,,,,,,,
BS10-062,U,,,,,,,,,,,,,
BS10-063,U,,,,,,,,,,,,,
BS10-064,U,,,,,,,,,,,,,
BS10-065,U,,,,,,,,,,,,,
BS10-066,U,,,,,,,,,,,,,
BS10-067,U,,,,,,,,,,,,,
BS10-068,U,,,,,,,,,,,,,
BS10-069,R,,SEC,,,,,,,,,,,
BS10-070,R,,SEC,,,,,,,,,,,
BS10-071,SR,,SSR,,,,,,,,,,,
BS10-072,SR,,SSR,,,,,,,,,,,
BS10-073,UR,,SUR,,EXR,,,,,,,,,
BS10-074,C,,,,,,,,,,,,,
BS10-075,C,,,,,,,,,,,,,
BS10-076,C,,,,,,,,,,,,,
BS10-077,C,,,,,,,,,,,,,
BS10-078,C,,,,,,,,,,,,,
BS10-079,C,,,,,,,,,,,,,
BS10-080,C,,,,,,,,,,,,,
BS10-081,C,,,,,,,,,,,,,
BS10-082,C,,,,,,,,,,,,,
BS10-083,C,,,,,,,,,,,,,
BS10-084,U,,,,,,,,,,,,,
BS10-085,U,,,,,,,,,,,,,
BS10-086,U,,,,,,,,,,,,,
BS10-087,U,,,,,,,,,,,,,
BS10-088,U,,,,,,,,,,,,,
BS10-089,U,,,,,,,,,,,,,
BS10-090,U,,,,,,,,,,,,,
BS10-091,U,,,,,,,,,,,,,
BS10-092,U,,,,,,,,,,,,,
BS10-093,R,,SEC,,P,promo.bs10sp,,,,,,,,
BS10-094,R,,SEC,,,,,,,,,,,
BS10-095,SR,,SSR,,,,,,,,,,,
BS10-096,SR,,SSR,,,,,,,,,,,
BS10-097,UR,,SUR,,,,,,,,,,,
BS10-098,UR,,SUR,,,,,,,,,,,
BS10-099,C,,,,,,,,,,,,,
BS10-100,C,,P,promo.bs10sp,,,,,,,,,,
BS10-101,C,,,,,,,,,,,,,
BS10-102,C,,,,,,,,,,,,,
BS10-103,C,,,,,,,,,,,,,
BS10-104,C,,,,,,,,,,,,,
BS10-105,C,,,,,,,,,,,,,
BS10-106,C,,,,,,,,,,,,,
BS10-107,C,,,,,,,,,,,,,
BS10-108,C,,,,,,,,,,,,,
BS10-109,U,,,,,,,,,,,,,
BS10-110,U,,,,,,,,,,,,,
BS10-111,U,,,,,,,,,,,,,
BS10-112,U,,,,,,,,,,,,,
BS10-113,U,,,,,,,,,,,,,
BS10-114,U,,,,,,,,,,,,,
BS10-115,U,,,,,,,,,,,,,
BS10-116,U,,,,,,,,,,,,,
BS10-117,R,,SEC,,,,,,,,,,,
BS10-118,R,,SEC,,,,,,,,,,,
BS10-119,SR,,SSR,,,,,,,,,,,
BS10-120,SR,,SSR,,,,,,,,,,,
BS10-121,SR,,SSR,,,,,,,,,,,
BS10-122,UR,,SUR,,P,promo.wcs2526.beast,,,,,,,,
BS10-123,UR,,SUR,,,,,,,,,,,
BS11-001,C,,,,,,,,,,,,,
BS11-002,C,,,,,,,,,,,,,
BS11-003,C,,,,,,,,,,,,,
BS11-004,C,,,,,,,,,,,,,
BS11-005,C,,,,,,,,,,,,,
BS11-006,C,,,,,,,,,,,,,
BS11-007,C,,,,,,,,,,,,,
BS11-008,U,,,,,,,,,,,,,
BS11-009,U,,,,,,,,,,,,,
BS11-010,U,,P,promo.bs11sp,,,,,,,,,,
BS11-011,U,,,,,,,,,,,,,
BS11-012,U,,,,,,,,,,,,,
BS11-013,U,,,,,,,,,,,,,
BS11-014,R,,SEC,,,,,,,,,,,
BS11-015,R,,SEC,,,,,,,,,,,
BS11-016,SR,,SSR,,,,,,,,,,,
BS11-017,SR,,SSR,,,,,,,,,,,
BS11-018,UR,,SUR,,,,,,,,,,,
BS11-019,C,,,,,,,,,,,,,
BS11-020,C,,,,,,,,,,,,,
BS11-021,C,,,,,,,,,,,,,
BS11-022,C,,,,,,,,,,,,,
BS11-023,C,,,,,,,,,,,,,
BS11-024,C,,,,,,,,,,,,,
BS11-025,U,,,,,,,,,,,,,
BS11-026,U,,,,,,,,,,,,,
BS11-027,U,,,,,,,,,,,,,
BS11-028,U,,,,,,,,,,,,,
BS11-029,U,,P,promo.bs11sp,,,,,,,,,,
BS11-030,U,,,,,,,,,,,,,
BS11-031,U,,,,,,,,,,,,,
BS11-032,R,,SEC,,,,,,,,,,,
BS11-033,R,,SEC,,,,,,,,,,,
BS11-034,SR,,SSR,,,,,,,,,,,
BS11-035,SR,,SSR,,,,,,,,,,,
BS11-036,UR,,SUR,,,,,,,,,,,
BS11-037,C,,,,,,,,,,,,,
BS11-038,C,,,,,,,,,,,,,
BS11-039,C,,,,,,,,,,,,,
BS11-040,C,,,,,,,,,,,,,
BS11-041,C,,,,,,,,,,,,,
BS11-042,C,,,,,,,,,,,,,
BS11-043,U,,,,,,,,,,,,,
BS11-044,U,,,,,,,,,,,,,
BS11-045,U,,,,,,,,,,,,,
BS11-046,U,,,,,,,,,,,,,
BS11-047,U,,,,,,,,,,,,,
BS11-048,U,,P,promo.bs11sp,,,,,,,,,,
BS11-049,U,,,,,,,,,,,,,
BS11-050,R,,SEC,,,,,,,,,,,
BS11-051,R,,SEC,,,,,,,,,,,
BS11-052,SR,,SSR,,,,,,,,,,,
BS11-053,UR,,SUR,,,,,,,,,,,
BS11-054,C,,,,,,,,,,,,,
BS11-055,C,,,,,,,,,,,,,
BS11-056,C,,,,,,,,,,,,,
BS11-057,C,,,,,,,,,,,,,
BS11-058,C,,,,,,,,,,,,,
BS11-059,C,,,,,,,,,,,,,
BS11-060,U,,,,,,,,,,,,,
BS11-061,U,,,,,,,,,,,,,
BS11-062,U,,,,,,,,,,,,,
BS11-063,U,,P,promo.bs11sp,,,,,,,,,,
BS11-064,U,,,,,,,,,,,,,
BS11-065,U,,,,,,,,,,,,,
BS11-066,U,,,,,,,,,,,,,
BS11-067,R,,SEC,,,,,,,,,,,
BS11-068,R,,SEC,,,,,,,,,,,
BS11-069,SR,,SSR,,,,,,,,,,,
BS11-070,SR,,SSR,,,,,,,,,,,
BS11-071,UR,,SUR,,,,,,,,,,,
BS11-072,C,,,,,,,,,,,,,
BS11-073,C,,,,,,,,,,,,,
BS11-074,C,,,,,,,,,,,,,
BS11-075,C,,,,,,,,,,,,,
BS11-076,C,,,,,,,,,,,,,
BS11-077,C,,,,,,,,,,,,,
BS11-078,U,,,,,,,,,,,,,
BS11-079,U,,,,,,,,,,,,,
BS11-080,U,,,,,,,,,,,,,
BS11-081,U,,,,,,,,,,,,,
BS11-082,U,,P,promo.bs11sp,,,,,,,,,,
BS11-083,U,,,,,,,,,,,,,
BS11-084,U,,,,,,,,,,,,,
BS11-085,R,,SEC,,,,,,,,,,,
BS11-086,R,,SEC,,,,,,,,,,,
BS11-087,SR,,SSR,,,,,,,,,,,
BS11-088,SR,,SSR,,,,,,,,,,,
BS11-089,UR,,SUR,,P,promo.bs11sp,,,,,,,,
BS11-090,UR,,SUR,,P,promo.bs11sp,,,,,,,,
BS11-091,UR,,SUR,,,,,,,,,,,
BS11-092,C,,,,,,,,,,,,,
BS11-093,C,,,,,,,,,,,,,
BS11-094,C,,,,,,,,,,,,,
BS11-095,C,,,,,,,,,,,,,
BS11-096,C,,,,,,,,,,,,,
BS11-097,C,,,,,,,,,,,,,
BS11-098,C,,,,,,,,,,,,,
BS11-099,C,,,,,,,,,,,,,
BS11-100,C,,,,,,,,,,,,,
BS11-101,C,,,,,,,,,,,,,
BS11-102,C,,,,,,,,,,,,,
BS11-103,C,,,,,,,,,,,,,
BS11-104,U,,,,,,,,,,,,,
BS11-105,U,,,,,,,,,,,,,
BS11-106,U,,,,,,,,,,,,,
BS11-107,U,,,,,,,,,,,,,
BS11-108,U,,P,promo.bs11sp,,,,,,,,,,
BS11-109,U,,,,,,,,,,,,,
BS11-110,U,,,,,,,,,,,,,
BS11-111,R,,SEC,,,,,,,,,,,
BS11-112,R,,SEC,,,,,,,,,,,
BS11-113,SR,,SSR,,,,,,,,,,,
BS11-114,SR,,SSR,,,,,,,,,,,
BS11-115,UR,,SUR,,EXR,,GXR,,,,,,,
BS11-116,UR,,SUR,,,,,,,,,,,
P-001,P,promo.starter,,,,,,,,,,,,
P-002,P,promo.starter,,,,,,,,,,,,
P-003,P,promo.starter,,,,,,,,,,,,
P-004,P,promo.gs25,,,,,,,,,,,,
P-005,P,promo.gs25,,,,,,,,,,,,
P-006,P,promo.gs25,,,,,,,,,,,,
P-007,P,promo.bs1,,,,,,,,,,,,
P-008,P,promo.bs1,,,,,,,,,,,,
P-009,P,promo.bs1,,,,,,,,,,,,
P-010,P,promo.bs1,,,,,,,,,,,,
P-011,P,promo.bs1,,,,,,,,,,,,
P-012,P,promo.bs1,P,promo.bs10sp,,,,,,,,,,
P-013,P,promo.starter,,,,,,,,,,,,
P-014,P,promo.starter,,,,,,,,,,,,
P-015,P,promo.bs2,,,,,,,,,,,,
P-016,P,promo.bs2,,,,,,,,,,,,
P-017,P,promo.bs2,,,,,,,,,,,,
P-018,P,promo.bs2,,,,,,,,,,,,
P-019,P,promo.bs2,,,,,,,,,,,,
P-020,P,promo.sb2,,,,,,,,,,,,
P-021,P,promo.sb2,,,,,,,,,,,,
P-022,P,,P,promo.ediya,,,,,,,,,,
P-023,P,,,,,,,,,,,,,
P-024,P,promo.bs3,,,,,,,,,,,,
P-025,P,promo.bs3,,,,,,,,,,,,
P-026,P,promo.bs3,,,,,,,,,,,,
P-027,P,promo.bs3,,,,,,,,,,,,
P-028,P,promo.bs3,,,,,,,,,,,,
P-029,P,promo.bs3,,,,,,,,,,,,
P-030,P,promo.bs3,,,,,,,,,,,,
P-031,P,promo.bs3,,,,,,,,,,,,
P-032,P,promo.bs3,P,tournament.wcs2526,P,tournament.wcs2526,,,,,,,,
P-033,P,,,,,,,,,,,,,
P-034,P,,,,,,,,,,,,,
P-035,P,,,,,,,,,,,,,
P-036,P,promo.lotteria,P,promo.bonus1,,,,,,,,,,
P-037,P,promo.lotteria,,,,,,,,,,,,
P-038,P,promo.lotteria,,,,,,,,,,,,
P-039,P,promo.lotteria,,,,,,,,,,,,
P-040,P,promo.lotteria,P,promo.bonus1,,,,,,,,,,
P-041,P,promo.bs4,,,,,,,,,,,,
P-042,P,promo.bs4,,,,,,,,,,,,
P-043,P,promo.bs4,,,,,,,,,,,,
P-044,P,promo.bs4,,,,,,,,,,,,
P-045,P,promo.bs4,,,,,,,,,,,,
P-046,P,promo.bs4,,,,,,,,,,,,
P-047,P,promo.hys,,,,,,,,,,,,
P-048,P,promo.hys,,,,,,,,,,,,
P-049,P,promo.hys,,,,,,,,,,,,
P-050,P,promo.ediya,P,promo.bs8sp,,,,,,,,,,
P-051,P,,,,,,,,,,,,,
P-052,P,,,,,,,,,,,,,
P-053,P,,,,,,,,,,,,,
P-054,P,,,,,,,,,,,,,
P-055,P,,,,,,,,,,,,,
P-056,P,promo.bs5,,,,,,,,,,,,
P-057,P,promo.bs5,,,,,,,,,,,,
P-058,P,promo.bs5,,,,,,,,,,,,
P-059,P,promo.bs5,,,,,,,,,,,,
P-060,P,promo.bs5,,,,,,,,,,,,
P-061,P,promo.bs5,,,,,,,,,,,,
P-062,P,tournament.gcc2025.champion,P,tournament.gcc2025.runnerup,P,tournament.gcc2025.finalist,,,,,,,,
P-063,P,,,,,,,,,,,,,
P-064,P,promo.bs6,,,,,,,,,,,,
P-065,P,promo.bs6,,,,,,,,,,,,
P-066,P,promo.bs6,,,,,,,,,,,,
P-067,P,promo.bs6,,,,,,,,,,,,
P-068,P,promo.bs6,,,,,,,,,,,,
P-069,P,promo.bs6,,,,,,,,,,,,
P-070,P,promo.bs7,,,,,,,,,,,,
P-071,P,promo.bs7,,,,,,,,,,,,
P-072,P,promo.bs7,,,,,,,,,,,,
P-073,P,promo.bs7,,,,,,,,,,,,
P-074,P,promo.bs7,,,,,,,,,,,,
P-075,P,promo.bs7,,,,,,,,,,,,
P-076,P,,,,,,,,,,,,,
P-077,P,,,,,,,,,,,,,
P-078,P,tournament.cc2025s.champion,P,tournament.cc2025s.runnerup,P,tournament.cc2025s.finalist,,,,,,,,
P-079,P,promo.bs8,,,,,,,,,,,,
P-080,P,promo.bs8,,,,,,,,,,,,
P-081,P,promo.bs8,,,,,,,,,,,,
P-082,P,promo.bs8,,,,,,,,,,,,
P-083,P,promo.bs8,,,,,,,,,,,,
P-084,P,promo.bs8,,,,,,,,,,,,
P-085,P,promo.bs8,,,,,,,,,,,,
P-086,P,promo.bs8,,,,,,,,,,,,
P-088,P,promo.dsg,,,,,,,,,,,,
P-089,P,promo.lottecc,,,,,,,,,,,,
P-091,P,promo.gstar25,,,,,,,,,,,,
P-092,P,promo.gstar25,P,promo.powerarena,,,,,,,,,,
P-093,P,promo.starter.new,,,,,,,,,,,,
P-094,P,promo.starter.new,,,,,,,,,,,,
P-095,P,promo.starter.new,,,,,,,,,,,,
P-096,P,promo.bs9,,,,,,,,,,,,
P-097,P,promo.bs9,,,,,,,,,,,,
P-098,P,promo.bs9,,,,,,,,,,,,
P-099,P,promo.bs9,,,,,,,,,,,,
P-100,P,promo.bs9,,,,,,,,,,,,
P-101,P,promo.bs9,,,,,,,,,,,,
P-102,P,promo.bs9,,,,,,,,,,,,
P-103,P,promo.ppg,P,promo.powerarena,,,,,,,,,,
P-104,P,promo.ppg,P,promo.powerarena,,,,,,,,,,
P-105,P,promo.ppg,P,promo.powerarena,,,,,,,,,,
P-106,P,promo.powerarena,,,,,,,,,,,,
P-107,P,promo.powerarena,,,,,,,,,,,,
P-108,P,promo.powerarena,,,,,,,,,,,,
P-109,P,promo.powerarena,,,,,,,,,,,,
P-110,P,promo.powerarena,,,,,,,,,,,,
P-111,P,promo.powerarena,,,,,,,,,,,,
P-112,P,promo.powerarena,,,,,,,,,,,,
P-113,P,promo.powerarena,,,,,,,,,,,,
P-114,P,promo.powerarena,,,,,,,,,,,,
P-115,P,promo.powerarena,,,,,,,,,,,,
P-116,P,promo.powerarena,,,,,,,,,,,,
P-117,P,promo.powerarena,,,,,,,,,,,,
P-118,P,promo.powerarena,,,,,,,,,,,,
P-119,P,promo.powerarena,,,,,,,,,,,,
P-120,P,promo.powerarena,,,,,,,,,,,,
P-121,P,promo.powerarena,,,,,,,,,,,,
P-122,P,,P,tournament.wcs2526,P,tournament.wcs2526,,,,,,,,
P-123,P,promo.starter.new,,,,,,,,,,,,
P-124,P,promo.starter.new,,,,,,,,,,,,
P-125,P,tournament.party.new,,,,,,,,,,,,
P-127,P,promo.bs10,,,,,,,,,,,,
P-128,P,promo.bs10,,,,,,,,,,,,
P-129,P,promo.bs10,,,,,,,,,,,,
P-130,P,promo.bs10,,,,,,,,,,,,
P-131,P,promo.bs10,,,,,,,,,,,,
P-132,P,promo.bs10,,,,,,,,,,,,
P-133,P,promo.bs10,,,,,,,,,,,,
P-134,P,promo.bs10,,,,,,,,,,,,
P-135,P,promo.bs10,,,,,,,,,,,,
P-136,P,promo.bs10,,,,,,,,,,,,
P-137,P,promo.bs11,,,,,,,,,,,,
P-138,P,promo.bs11,,,,,,,,,,,,
P-139,P,promo.bs11,,,,,,,,,,,,
P-140,P,promo.bs11,,,,,,,,,,,,
P-141,P,promo.bs11,,,,,,,,,,,,
P-142,P,promo.bs11,,,,,,,,,,,,
P-143,P,promo.bs11,,,,,,,,,,,,
P-144,P,promo.bs11,,,,,,,,,,,,
P-145,P,promo.bs11,,,,,,,,,,,,
P-146,P,promo.bs11,,,,,,,,,,,,
P-147,P,promo.bs11,,,,,,,,,,,,
P-151,P,promo.kccf2026,,,,,,,,,,,,
P-152,P,promo.kccf2026,,,,,,,,,,,,
P-153,P,promo.kccf2026,,,,,,,,,,,,
P-154,P,promo.kccf2026,,,,,,,,,,,,
P-155,P,promo.kccf2026,,,,,,,,,,,,
P-156,P,promo.kccf2026,,,,,,,,,,,,
P-157,P,promo.kccf2026,,,,,,,,,,,,
P-158,P,promo.kccf2026,,,,,,,,,,,,
P-159,P,promo.kccf2026,,,,,,,,,,,,
P-160,P,promo.kccf2026,,,,,,,,,,,,
P-161,P,promo.kccf2026,,,,,,,,,,,,
P-162,P,promo.kccf2026,,,,,,,,,,,,
ST1-001,C,,P,promo.cp1,,,,,,,,,,
ST1-002,C,,,,,,,,,,,,,
ST1-003,U,,,,,,,,,,,,,
ST1-004,C,,P,promo.cp1,,,,,,,,,,
ST1-005,U,,,,,,,,,,,,,
ST1-006,C,,,,,,,,,,,,,
ST1-007,C,,,,,,,,,,,,,
ST1-008,U,,,,,,,,,,,,,
ST1-009,SR,,,,,,,,,,,,,
ST1-010,C,,,,,,,,,,,,,
ST1-011,C,,P,promo.wcg2023,P,promo.twlantern,,,,,,,,
ST1-012,C,,,,,,,,,,,,,
ST1-013,C,,P,promo.cp2,,,,,,,,,,
ST1-014,SR,,,,,,,,,,,,,
ST1-015,U,,,,,,,,,,,,,
ST1-016,U,,,,,,,,,,,,,
ST1-017,U,,,,,,,,,,,,,
ST1-018,U,,,,,,,,,,,,,
ST1-019,U,,,,,,,,,,,,,
ST1-020,U,,P,promo.legacy.champion,P,promo.legacy,,,,,,,,
ST1-021,U,,,,,,,,,,,,,
ST1-022,U,,P,promo.cp3,,,,,,,,,,
ST2-001,SR,,,,,,,,,,,,,
ST2-002,C,,P,promo.wcg2023,,,,,,,,,,
ST2-003,C,,P,,P,promo.cp4,,,,,,,,
ST2-004,U,,,,,,,,,,,,,
ST2-005,C,,P,promo.cp1,,,,,,,,,,
ST2-006,C,,,,,,,,,,,,,
ST2-007,C,,P,promo.cp2,,,,,,,,,,
ST2-008,SR,,,,,,,,,,,,,
ST2-009,C,,P,promo.sb1,,,,,,,,,,
ST2-010,U,,,,,,,,,,,,,
ST2-011,C,,,,,,,,,,,,,
ST2-012,C,,,,,,,,,,,,,
ST2-013,U,,,,,,,,,,,,,
ST2-014,U,,P,promo.cp1,,,,,,,,,,
ST2-015,C,,,,,,,,,,,,,
ST2-016,U,,,,,,,,,,,,,
ST2-017,U,,,,,,,,,,,,,
ST2-018,U,,,,,,,,,,,,,
ST2-019,U,,,,,,,,,,,,,
ST2-020,U,,P,promo.legacy.champion,P,promo.legacy,,,,,,,,
ST2-021,U,,,,,,,,,,,,,
ST2-022,U,,,,,,,,,,,,,
ST3-001,C,,P,promo.wcg2023,,,,,,,,,,
ST3-002,SR,,,,,,,,,,,,,
ST3-003,C,,,,,,,,,,,,,
ST3-004,U,,P,,,,,,,,,,,
ST3-005,C,,,,,,,,,,,,,
ST3-006,U,,,,,,,,,,,,,
ST3-007,U,,P,promo.cp1,,,,,,,,,,
ST3-008,C,,P,promo.cp2,,,,,,,,,,
ST3-009,C,,,,,,,,,,,,,
ST3-010,SR,,,,,,,,,,,,,
ST3-011,C,,,,,,,,,,,,,
ST3-012,C,,P,promo.sb1,,,,,,,,,,
ST3-013,C,,P,?,,,,,,,,,,
ST3-014,C,,P,promo.cp1,,,,,,,,,,
ST3-015,U,,,,,,,,,,,,,
ST3-016,U,,P,promo.legacy.champion,P,promo.legacy,,,,,,,,
ST3-017,U,,,,,,,,,,,,,
ST3-018,U,,,,,,,,,,,,,
ST3-019,U,,P,promo.bonus1,,,,,,,,,,
ST3-020,U,,P,promo.cp4,,,,,,,,,,
ST3-021,U,,,,,,,,,,,,,
ST3-022,U,,P,promo.cp3,,,,,,,,,,
ST4-001,U,,,,,,,,,,,,,
ST4-002,C,,,,,,,,,,,,,
ST4-003,U,,,,,,,,,,,,,
ST4-004,SR,,,,,,,,,,,,,
ST4-005,C,,,,,,,,,,,,,
ST4-006,C,,P,promo.cp1,,,,,,,,,,
ST4-007,C,,,,,,,,,,,,,
ST4-008,U,,,,,,,,,,,,,
ST4-009,C,,P,promo.cp1,,,,,,,,,,
ST4-010,C,,,,,,,,,,,,,
ST4-011,C,,,,,,,,,,,,,
ST4-012,U,,,,,,,,,,,,,
ST4-013,SR,,,,,,,,,,,,,
ST4-014,C,,P,promo.cp2,,,,,,,,,,
ST4-015,C,,,,,,,,,,,,,
ST4-016,U,,P,promo.legacy.champion,P,promo.legacy,,,,,,,,
ST4-017,U,,,,,,,,,,,,,
ST4-018,U,,,,,,,,,,,,,
ST4-019,U,,,,,,,,,,,,,
ST4-020,U,,,,,,,,,,,,,
ST4-021,U,,P,tournament.bl2026s1,,,,,,,,,,
ST4-022,U,,P,promo.cp3,,,,,,,,,,
ST5-001,U,,,,,,,,,,,,,
ST5-002,C,,,,,,,,,,,,,
ST5-003,C,,P,promo.cp2,,,,,,,,,,
ST5-004,C,,,,,,,,,,,,,
ST5-005,C,,,,,,,,,,,,,
ST5-006,SR,,,,,,,,,,,,,
ST5-007,C,,,,,,,,,,,,,
ST5-008,C,,P,promo.cp1,,,,,,,,,,
ST5-009,C,,,,,,,,,,,,,
ST5-010,U,,,,,,,,,,,,,
ST5-011,U,,,,,,,,,,,,,
ST5-012,C,,P,promo.cp1,,,,,,,,,,
ST5-013,C,,,,,,,,,,,,,
ST5-014,U,,,,,,,,,,,,,
ST5-015,SR,,,,,,,,,,,,,
ST5-016,U,,,,,,,,,,,,,
ST5-017,U,,,,,,,,,,,,,
ST5-018,U,,,,,,,,,,,,,
ST5-019,U,,,,,,,,,,,,,
ST5-020,U,,P,promo.cp4,,,,,,,,,,
ST5-021,U,,,,,,,,,,,,,
ST5-022,U,,P,promo.cp3,,,,,,,,,,
ST6-001,C,,,,,,,,,,,,,
ST6-002,SR,,,,,,,,,,,,,
ST6-003,C,,,,,,,,,,,,,
ST6-004,SR,,,,,,,,,,,,,
ST6-005,C,,,,,,,,,,,,,
ST6-006,C,,,,,,,,,,,,,
ST6-007,C,,,,,,,,,,,,,
ST6-008,C,,,,,,,,,,,,,
ST6-009,C,,,,,,,,,,,,,
ST6-010,C,,,,,,,,,,,,,
ST6-011,C,,,,,,,,,,,,,
ST6-012,U,,,,,,,,,,,,,
ST6-013,U,,,,,,,,,,,,,
ST6-014,U,,,,,,,,,,,,,
ST6-015,U,,,,,,,,,,,,,
ST6-016,U,,,,,,,,,,,,,
ST6-017,U,,,,,,,,,,,,,
ST6-018,U,,,,,,,,,,,,,
ST6-019,U,,,,,,,,,,,,,
ST6-020,U,,,,,,,,,,,,,
ST7-001,C,,,,,,,,,,,,,
ST7-002,C,,,,,,,,,,,,,
ST7-003,C,,,,,,,,,,,,,
ST7-004,C,,,,,,,,,,,,,
ST7-005,C,,,,,,,,,,,,,
ST7-006,C,,,,,,,,,,,,,
ST7-007,C,,,,,,,,,,,,,
ST7-008,SR,,,,,,,,,,,,,
ST7-009,C,,,,,,,,,,,,,
ST7-010,SR,,,,,,,,,,,,,
ST7-011,U,,,,,,,,,,,,,
ST7-012,C,,,,,,,,,,,,,
ST7-013,U,,,,,,,,,,,,,
ST7-014,U,,,,,,,,,,,,,
ST7-015,U,,,,,,,,,,,,,
ST7-016,U,,,,,,,,,,,,,
ST7-017,U,,,,,,,,,,,,,
ST7-018,U,,,,,,,,,,,,,
ST7-019,U,,,,,,,,,,,,,
ST7-020,U,,,,,,,,,,,,,
ST8-001,C,,,,,,,,,,,,,
ST8-002,C,,,,,,,,,,,,,
ST8-003,C,,,,,,,,,,,,,
ST8-004,C,,,,,,,,,,,,,
ST8-005,SR,,,,,,,,,,,,,
ST8-006,C,,,,,,,,,,,,,
ST8-007,C,,,,,,,,,,,,,
ST8-008,SR,,,,,,,,,,,,,
ST8-009,C,,,,,,,,,,,,,
ST8-010,C,,,,,,,,,,,,,
ST8-011,C,,,,,,,,,,,,,
ST8-012,U,,,,,,,,,,,,,
ST8-013,U,,,,,,,,,,,,,
ST8-014,U,,,,,,,,,,,,,
ST8-015,U,,,,,,,,,,,,,
ST8-016,U,,,,,,,,,,,,,
ST8-017,U,,,,,,,,,,,,,
ST8-018,U,,,,,,,,,,,,,
ST8-019,U,,,,,,,,,,,,,
ST8-020,U,,,,,,,,,,,,,
ST9-001,C,,,,,,,,,,,,,
ST9-002,C,,,,,,,,,,,,,
ST9-003,C,,,,,,,,,,,,,
ST9-004,C,,,,,,,,,,,,,
ST9-005,C,,,,,,,,,,,,,
ST9-006,SR,,,,,,,,,,,,,
ST9-007,C,,,,,,,,,,,,,
ST9-008,C,,,,,,,,,,,,,
ST9-009,U,,,,,,,,,,,,,
ST9-010,C,,,,,,,,,,,,,
ST9-011,C,,,,,,,,,,,,,
ST9-012,SR,,,,,,,,,,,,,
ST9-013,U,,,,,,,,,,,,,
ST9-014,U,,,,,,,,,,,,,
ST9-015,U,,,,,,,,,,,,,
ST9-016,U,,,,,,,,,,,,,
ST9-017,U,,,,,,,,,,,,,
ST9-018,U,,,,,,,,,,,,,
ST9-019,U,,,,,,,,,,,,,
ST9-020,U,,,,,,,,,,,,,
ST10-001,C,,,,,,,,,,,,,
ST10-002,SR,,,,,,,,,,,,,
ST10-003,C,,,,,,,,,,,,,
ST10-004,C,,,,,,,,,,,,,
ST10-005,U,,,,,,,,,,,,,
ST10-006,C,,,,,,,,,,,,,
ST10-007,C,,,,,,,,,,,,,
ST10-008,SR,,,,,,,,,,,,,
ST10-009,C,,,,,,,,,,,,,
ST10-010,C,,,,,,,,,,,,,
ST10-011,C,,,,,,,,,,,,,
ST10-012,C,,,,,,,,,,,,,
ST10-013,U,,,,,,,,,,,,,
ST10-014,U,,,,,,,,,,,,,
ST10-015,U,,,,,,,,,,,,,
ST10-016,U,,,,,,,,,,,,,
ST10-017,U,,,,,,,,,,,,,
ST10-018,U,,,,,,,,,,,,,
ST10-019,U,,,,,,,,,,,,,
ST10-020,U,,,,,,,,,,,,,
